[
    {"id_prov":"11","nama":"Aceh"},
    {"id_prov":"12","nama":"Sumatera Utara"},
    {"id_prov":"13","nama":"Sumatera Barat"},
    {"id_prov":"14","nama":"Riau"},
    {"id_prov":"15","nama":"Jambi"},
    {"id_prov":"16","nama":"Sumatera Selatan"},
    {"id_prov":"17","nama":"Bengkulu"},
    {"id_prov":"18","nama":"Lampung"},
    {"id_prov":"19","nama":"Kepulauan Bangka Belitung"},
    {"id_prov":"21","nama":"Kepulauan Riau"},
    {"id_prov":"31","nama":"DKI Jakarta"},
    {"id_prov":"32","nama":"Jawa Barat"},
    {"id_prov":"33","nama":"Jawa Tengah"},
    {"id_prov":"34","nama":"DI Yogyakarta"},
    {"id_prov":"35","nama":"Jawa Timur"},
    {"id_prov":"36","nama":"Banten"},
    {"id_prov":"51","nama":"Bali"},
    {"id_prov":"52","nama":"Nusa Tenggara Barat"},
    {"id_prov":"53","nama":"Nusa Tenggara Timur"},
    {"id_prov":"61","nama":"Kalimantan Barat"},
    {"id_prov":"62","nama":"Kalimantan Tengah"},
    {"id_prov":"63","nama":"Kalimantan Selatan"},
    {"id_prov":"64","nama":"Kalimantan Timur"},
    {"id_prov":"65","nama":"Kalimantan Utara"},
    {"id_prov":"71","nama":"Sulawesi Utara"},
    {"id_prov":"72","nama":"Sulawesi Tengah"},
    {"id_prov":"73","nama":"Sulawesi Selatan"},
    {"id_prov":"74","nama":"Sulawesi Tenggara"},
    {"id_prov":"75","nama":"Gorontalo"},
    {"id_prov":"76","nama":"Sulawesi Barat"},
    {"id_prov":"81","nama":"Maluku"},
    {"id_prov":"82","nama":"Maluku Utara"},
    {"id_prov":"91","nama":"Papua Barat"},
    {"id_prov":"92","nama":"Papua"}
  ]